CountryCode,Country,Year,Bacteria,Resistance_target,Resistance_pct,Community_J01_DDD_per_1000,Hospital_J01_DDD_per_1000,Total_J01_DDD_per_1000
AT,Austria,2019,Escherichia coli,Third-generation cephalosporins,9.31870291,9.758,1.8053,11.563299999999998
AT,Austria,2019,Klebsiella pneumoniae,Third-generation cephalosporins,10.33182503,9.758,1.8053,11.563299999999998
AT,Austria,2019,Staphylococcus aureus,Meticillin (MRSA),5.20613903,9.758,1.8053,11.563299999999998
AT,Austria,2020,Escherichia coli,Third-generation cephalosporins,9.46800595,7.1116,1.6601,8.7717
AT,Austria,2020,Klebsiella pneumoniae,Third-generation cephalosporins,7.82918149,7.1116,1.6601,8.7717
AT,Austria,2020,Staphylococcus aureus,Meticillin (MRSA),4.39676398,7.1116,1.6601,8.7717
AT,Austria,2021,Escherichia coli,Third-generation cephalosporins,8.28968755,7.1823,1.6193999999999997,8.8017
AT,Austria,2021,Klebsiella pneumoniae,Third-generation cephalosporins,9.80842911,7.1823,1.6193999999999997,8.8017
AT,Austria,2021,Staphylococcus aureus,Meticillin (MRSA),3.10224754,7.1823,1.6193999999999997,8.8017
AT,Austria,2022,Escherichia coli,Third-generation cephalosporins,8.32025117,8.792200000000001,1.6825999999999999,10.474800000000002
AT,Austria,2022,Klebsiella pneumoniae,Third-generation cephalosporins,9.57015409,8.792200000000001,1.6825999999999999,10.474800000000002
AT,Austria,2022,Staphylococcus aureus,Meticillin (MRSA),3.92535392,8.792200000000001,1.6825999999999999,10.474800000000002
BE,Belgium,2013,Escherichia coli,Third-generation cephalosporins,7.99802517,22.5193,1.6112,24.1305
BE,Belgium,2013,Klebsiella pneumoniae,Third-generation cephalosporins,15.31986531,22.5193,1.6112,24.1305
BE,Belgium,2013,Staphylococcus aureus,Meticillin (MRSA),16.87344913,22.5193,1.6112,24.1305
BE,Belgium,2014,Escherichia coli,Third-generation cephalosporins,9.74304068,22.3203,1.5909,23.9112
BE,Belgium,2014,Klebsiella pneumoniae,Third-generation cephalosporins,16.28865979,22.3203,1.5909,23.9112
BE,Belgium,2014,Staphylococcus aureus,Meticillin (MRSA),13.46153846,22.3203,1.5909,23.9112
BE,Belgium,2015,Escherichia coli,Third-generation cephalosporins,9.67990744,22.7114,1.6152,24.326600000000003
BE,Belgium,2015,Klebsiella pneumoniae,Third-generation cephalosporins,19.70443349,22.7114,1.6152,24.326600000000003
BE,Belgium,2015,Staphylococcus aureus,Meticillin (MRSA),12.26725082,22.7114,1.6152,24.326600000000003
BE,Belgium,2016,Escherichia coli,Third-generation cephalosporins,10.48969761,22.5014,1.6183999999999998,24.1198
BE,Belgium,2016,Klebsiella pneumoniae,Third-generation cephalosporins,22.86995515,22.5014,1.6183999999999998,24.1198
BE,Belgium,2016,Staphylococcus aureus,Meticillin (MRSA),12.17008797,22.5014,1.6183999999999998,24.1198
BE,Belgium,2017,Escherichia coli,Third-generation cephalosporins,9.73886986,21.1158,1.5937,22.7095
BE,Belgium,2017,Klebsiella pneumoniae,Third-generation cephalosporins,19.30261519,21.1158,1.5937,22.7095
BE,Belgium,2017,Staphylococcus aureus,Meticillin (MRSA),8.53739245,21.1158,1.5937,22.7095
BE,Belgium,2018,Escherichia coli,Third-generation cephalosporins,9.02239448,20.653,1.5968,22.2498
BE,Belgium,2018,Klebsiella pneumoniae,Third-generation cephalosporins,21.39037433,20.653,1.5968,22.2498
BE,Belgium,2018,Staphylococcus aureus,Meticillin (MRSA),9.04899135,20.653,1.5968,22.2498
BE,Belgium,2019,Escherichia coli,Third-generation cephalosporins,9.98221996,19.7481,1.5704,21.3185
BE,Belgium,2019,Klebsiella pneumoniae,Third-generation cephalosporins,19.49934123,19.7481,1.5704,21.3185
BE,Belgium,2019,Staphylococcus aureus,Meticillin (MRSA),6.67808219,19.7481,1.5704,21.3185
BE,Belgium,2020,Escherichia coli,Third-generation cephalosporins,9.88425925,15.2291,1.3846999999999998,16.6138
BE,Belgium,2020,Klebsiella pneumoniae,Third-generation cephalosporins,19.7368421,15.2291,1.3846999999999998,16.6138
BE,Belgium,2020,Staphylococcus aureus,Meticillin (MRSA),6.94158075,15.2291,1.3846999999999998,16.6138
BE,Belgium,2021,Escherichia coli,Third-generation cephalosporins,8.26096166,15.9761,1.4093,17.3854
BE,Belgium,2021,Klebsiella pneumoniae,Third-generation cephalosporins,18.89848812,15.9761,1.4093,17.3854
BE,Belgium,2021,Staphylococcus aureus,Meticillin (MRSA),4.08921933,15.9761,1.4093,17.3854
BE,Belgium,2022,Escherichia coli,Third-generation cephalosporins,8.75555555,18.9838,1.4016,20.385399999999997
BE,Belgium,2022,Klebsiella pneumoniae,Third-generation cephalosporins,18.31626848,18.9838,1.4016,20.385399999999997
BE,Belgium,2022,Staphylococcus aureus,Meticillin (MRSA),4.15549597,18.9838,1.4016,20.385399999999997
BG,Bulgaria,2013,Escherichia coli,Third-generation cephalosporins,39.57219251,17.0964,1.2333999999999998,18.3298
BG,Bulgaria,2013,Klebsiella pneumoniae,Third-generation cephalosporins,69.56521739,17.0964,1.2333999999999998,18.3298
BG,Bulgaria,2013,Staphylococcus aureus,Meticillin (MRSA),19.1588785,17.0964,1.2333999999999998,18.3298
BG,Bulgaria,2014,Escherichia coli,Third-generation cephalosporins,40.36697247,18.3941,1.2327000000000001,19.626800000000003
BG,Bulgaria,2014,Klebsiella pneumoniae,Third-generation cephalosporins,74.83443708,18.3941,1.2327000000000001,19.626800000000003
BG,Bulgaria,2014,Staphylococcus aureus,Meticillin (MRSA),20.83333333,18.3941,1.2327000000000001,19.626800000000003
BG,Bulgaria,2015,Escherichia coli,Third-generation cephalosporins,38.53658536,18.6164,1.2156,19.831999999999997
BG,Bulgaria,2015,Klebsiella pneumoniae,Third-generation cephalosporins,75.0,18.6164,1.2156,19.831999999999997
BG,Bulgaria,2015,Staphylococcus aureus,Meticillin (MRSA),13.06306306,18.6164,1.2156,19.831999999999997
BG,Bulgaria,2016,Escherichia coli,Third-generation cephalosporins,41.59663865,17.4918,1.4702,18.962
BG,Bulgaria,2016,Klebsiella pneumoniae,Third-generation cephalosporins,72.5,17.4918,1.4702,18.962
BG,Bulgaria,2016,Staphylococcus aureus,Meticillin (MRSA),14.28571428,17.4918,1.4702,18.962
BG,Bulgaria,2017,Escherichia coli,Third-generation cephalosporins,41.29554655,18.7706,1.4149999999999998,20.1856
BG,Bulgaria,2017,Klebsiella pneumoniae,Third-generation cephalosporins,76.33136094,18.7706,1.4149999999999998,20.1856
BG,Bulgaria,2017,Staphylococcus aureus,Meticillin (MRSA),13.65638766,18.7706,1.4149999999999998,20.1856
BG,Bulgaria,2018,Escherichia coli,Third-generation cephalosporins,38.69863013,19.3383,1.5028000000000001,20.8411
BG,Bulgaria,2018,Klebsiella pneumoniae,Third-generation cephalosporins,77.72020725,19.3383,1.5028000000000001,20.8411
BG,Bulgaria,2018,Staphylococcus aureus,Meticillin (MRSA),17.57188498,19.3383,1.5028000000000001,20.8411
BG,Bulgaria,2019,Escherichia coli,Third-generation cephalosporins,38.63636363,18.884,1.5206999999999997,20.4047
BG,Bulgaria,2019,Klebsiella pneumoniae,Third-generation cephalosporins,75.65543071,18.884,1.5206999999999997,20.4047
BG,Bulgaria,2019,Staphylococcus aureus,Meticillin (MRSA),14.81481481,18.884,1.5206999999999997,20.4047
BG,Bulgaria,2020,Escherichia coli,Third-generation cephalosporins,41.37931034,20.576,1.8571,22.4331
BG,Bulgaria,2020,Klebsiella pneumoniae,Third-generation cephalosporins,79.11646586,20.576,1.8571,22.4331
BG,Bulgaria,2020,Staphylococcus aureus,Meticillin (MRSA),11.81818181,20.576,1.8571,22.4331
BG,Bulgaria,2021,Escherichia coli,Third-generation cephalosporins,37.26235741,22.002399999999998,1.9621,23.964499999999997
BG,Bulgaria,2021,Klebsiella pneumoniae,Third-generation cephalosporins,81.40495867,22.002399999999998,1.9621,23.964499999999997
BG,Bulgaria,2021,Staphylococcus aureus,Meticillin (MRSA),15.16587677,22.002399999999998,1.9621,23.964499999999997
BG,Bulgaria,2022,Escherichia coli,Third-generation cephalosporins,40.16736401,23.825100000000003,1.3997,25.224800000000002
BG,Bulgaria,2022,Klebsiella pneumoniae,Third-generation cephalosporins,78.46153846,23.825100000000003,1.3997,25.224800000000002
BG,Bulgaria,2022,Staphylococcus aureus,Meticillin (MRSA),12.01716738,23.825100000000003,1.3997,25.224800000000002
HR,Croatia,2013,Escherichia coli,Third-generation cephalosporins,8.75,17.6101,1.4816999999999998,19.0918
HR,Croatia,2013,Klebsiella pneumoniae,Third-generation cephalosporins,50.0,17.6101,1.4816999999999998,19.0918
HR,Croatia,2013,Staphylococcus aureus,Meticillin (MRSA),24.03846153,17.6101,1.4816999999999998,19.0918
HR,Croatia,2014,Escherichia coli,Third-generation cephalosporins,10.84337349,17.7254,1.5521,19.2775
HR,Croatia,2014,Klebsiella pneumoniae,Third-generation cephalosporins,47.90419161,17.7254,1.5521,19.2775
HR,Croatia,2014,Staphylococcus aureus,Meticillin (MRSA),21.28099173,17.7254,1.5521,19.2775
HR,Croatia,2015,Escherichia coli,Third-generation cephalosporins,12.52390057,18.0289,1.5998,19.628700000000002
HR,Croatia,2015,Klebsiella pneumoniae,Third-generation cephalosporins,46.84210526,18.0289,1.5998,19.628700000000002
HR,Croatia,2015,Staphylococcus aureus,Meticillin (MRSA),24.4855967,18.0289,1.5998,19.628700000000002
HR,Croatia,2016,Escherichia coli,Third-generation cephalosporins,14.7368421,17.0636,1.5563000000000002,18.6199
HR,Croatia,2016,Klebsiella pneumoniae,Third-generation cephalosporins,48.59813084,17.0636,1.5563000000000002,18.6199
HR,Croatia,2016,Staphylococcus aureus,Meticillin (MRSA),25.32751091,17.0636,1.5563000000000002,18.6199
HR,Croatia,2017,Escherichia coli,Third-generation cephalosporins,16.46341463,16.8237,1.6525,18.4762
HR,Croatia,2017,Klebsiella pneumoniae,Third-generation cephalosporins,41.74757281,16.8237,1.6525,18.4762
HR,Croatia,2017,Staphylococcus aureus,Meticillin (MRSA),28.46153846,16.8237,1.6525,18.4762
HR,Croatia,2018,Escherichia coli,Third-generation cephalosporins,14.81164383,16.9869,1.7114,18.6983
HR,Croatia,2018,Klebsiella pneumoniae,Third-generation cephalosporins,44.33962264,16.9869,1.7114,18.6983
HR,Croatia,2018,Staphylococcus aureus,Meticillin (MRSA),26.41921397,16.9869,1.7114,18.6983
HR,Croatia,2019,Escherichia coli,Third-generation cephalosporins,15.94470046,16.9312,1.7657,18.6969
HR,Croatia,2019,Klebsiella pneumoniae,Third-generation cephalosporins,52.99684542,16.9312,1.7657,18.6969
HR,Croatia,2019,Staphylococcus aureus,Meticillin (MRSA),24.86033519,16.9312,1.7657,18.6969
HR,Croatia,2020,Escherichia coli,Third-generation cephalosporins,16.56590084,14.044500000000001,1.5384,15.5829
HR,Croatia,2020,Klebsiella pneumoniae,Third-generation cephalosporins,52.22222222,14.044500000000001,1.5384,15.5829
HR,Croatia,2020,Staphylococcus aureus,Meticillin (MRSA),29.24528301,14.044500000000001,1.5384,15.5829
HR,Croatia,2021,Escherichia coli,Third-generation cephalosporins,18.59504132,16.2195,1.8441999999999998,18.0637
HR,Croatia,2021,Klebsiella pneumoniae,Third-generation cephalosporins,62.04986149,16.2195,1.8441999999999998,18.0637
HR,Croatia,2021,Staphylococcus aureus,Meticillin (MRSA),34.83333333,16.2195,1.8441999999999998,18.0637
HR,Croatia,2022,Escherichia coli,Third-generation cephalosporins,17.42654508,18.1743,1.8938999999999997,20.068199999999997
HR,Croatia,2022,Klebsiella pneumoniae,Third-generation cephalosporins,54.200542,18.1743,1.8938999999999997,20.068199999999997
HR,Croatia,2022,Staphylococcus aureus,Meticillin (MRSA),31.09656301,18.1743,1.8938999999999997,20.068199999999997
CZ,Czechia,2021,Escherichia coli,Third-generation cephalosporins,14.41717791,11.4827,2.1365000000000003,13.6192
CZ,Czechia,2021,Klebsiella pneumoniae,Third-generation cephalosporins,49.69097651,11.4827,2.1365000000000003,13.6192
CZ,Czechia,2021,Staphylococcus aureus,Meticillin (MRSA),9.43396226,11.4827,2.1365000000000003,13.6192
CZ,Czechia,2022,Escherichia coli,Third-generation cephalosporins,14.75042063,13.926,3.0804,17.0064
CZ,Czechia,2022,Klebsiella pneumoniae,Third-generation cephalosporins,49.57264957,13.926,3.0804,17.0064
CZ,Czechia,2022,Staphylococcus aureus,Meticillin (MRSA),7.48862225,13.926,3.0804,17.0064
DK,Denmark,2013,Escherichia coli,Third-generation cephalosporins,8.07833537,15.6507,1.8382999999999998,17.489
DK,Denmark,2013,Klebsiella pneumoniae,Third-generation cephalosporins,11.53119092,15.6507,1.8382999999999998,17.489
DK,Denmark,2013,Staphylococcus aureus,Meticillin (MRSA),1.72106824,15.6507,1.8382999999999998,17.489
DK,Denmark,2014,Escherichia coli,Third-generation cephalosporins,7.00680272,15.169999999999998,1.9429,17.1129
DK,Denmark,2014,Klebsiella pneumoniae,Third-generation cephalosporins,7.56756756,15.169999999999998,1.9429,17.1129
DK,Denmark,2014,Staphylococcus aureus,Meticillin (MRSA),2.45464247,15.169999999999998,1.9429,17.1129
DK,Denmark,2015,Escherichia coli,Third-generation cephalosporins,7.4764306,15.302,2.1583,17.4603
DK,Denmark,2015,Klebsiella pneumoniae,Third-generation cephalosporins,7.7502691,15.302,2.1583,17.4603
DK,Denmark,2015,Staphylococcus aureus,Meticillin (MRSA),1.54584221,15.302,2.1583,17.4603
DK,Denmark,2016,Escherichia coli,Third-generation cephalosporins,6.56793303,15.1533,1.8023,16.9556
DK,Denmark,2016,Klebsiella pneumoniae,Third-generation cephalosporins,7.51341681,15.1533,1.8023,16.9556
DK,Denmark,2016,Staphylococcus aureus,Meticillin (MRSA),1.98675496,15.1533,1.8023,16.9556
DK,Denmark,2017,Escherichia coli,Third-generation cephalosporins,6.90149498,14.3209,1.8621,16.183
DK,Denmark,2017,Klebsiella pneumoniae,Third-generation cephalosporins,7.28888888,14.3209,1.8621,16.183
DK,Denmark,2017,Staphylococcus aureus,Meticillin (MRSA),2.50501002,14.3209,1.8621,16.183
DK,Denmark,2018,Escherichia coli,Third-generation cephalosporins,7.65570039,13.6035,1.8982,15.5017
DK,Denmark,2018,Klebsiella pneumoniae,Third-generation cephalosporins,6.47109577,13.6035,1.8982,15.5017
DK,Denmark,2018,Staphylococcus aureus,Meticillin (MRSA),1.65061898,13.6035,1.8982,15.5017
DK,Denmark,2019,Escherichia coli,Third-generation cephalosporins,7.54272245,13.4223,1.8173,15.2396
DK,Denmark,2019,Klebsiella pneumoniae,Third-generation cephalosporins,6.65064102,13.4223,1.8173,15.2396
DK,Denmark,2019,Staphylococcus aureus,Meticillin (MRSA),2.20994475,13.4223,1.8173,15.2396
DK,Denmark,2020,Escherichia coli,Third-generation cephalosporins,6.6969353,12.504199999999999,1.7106999999999999,14.214899999999998
DK,Denmark,2020,Klebsiella pneumoniae,Third-generation cephalosporins,6.01265822,12.504199999999999,1.7106999999999999,14.214899999999998
DK,Denmark,2020,Staphylococcus aureus,Meticillin (MRSA),1.71548117,12.504199999999999,1.7106999999999999,14.214899999999998
DK,Denmark,2021,Escherichia coli,Third-generation cephalosporins,6.16691285,12.597599999999998,1.7619,14.359499999999999
DK,Denmark,2021,Klebsiella pneumoniae,Third-generation cephalosporins,5.13029315,12.597599999999998,1.7619,14.359499999999999
DK,Denmark,2021,Staphylococcus aureus,Meticillin (MRSA),1.80746561,12.597599999999998,1.7619,14.359499999999999
DK,Denmark,2022,Escherichia coli,Third-generation cephalosporins,6.62786331,13.318,1.7857999999999998,15.1038
DK,Denmark,2022,Klebsiella pneumoniae,Third-generation cephalosporins,5.22508038,13.318,1.7857999999999998,15.1038
DK,Denmark,2022,Staphylococcus aureus,Meticillin (MRSA),1.85089974,13.318,1.7857999999999998,15.1038
EE,Estonia,2013,Escherichia coli,Third-generation cephalosporins,7.35294117,10.3141,1.6397000000000002,11.9538
EE,Estonia,2013,Klebsiella pneumoniae,Third-generation cephalosporins,23.33333333,10.3141,1.6397000000000002,11.9538
EE,Estonia,2013,Staphylococcus aureus,Meticillin (MRSA),3.52941176,10.3141,1.6397000000000002,11.9538
EE,Estonia,2014,Escherichia coli,Third-generation cephalosporins,9.26829268,10.2132,1.6426,11.8558
EE,Estonia,2014,Klebsiella pneumoniae,Third-generation cephalosporins,20.74074074,10.2132,1.6426,11.8558
EE,Estonia,2014,Staphylococcus aureus,Meticillin (MRSA),3.13901345,10.2132,1.6426,11.8558
EE,Estonia,2015,Escherichia coli,Third-generation cephalosporins,11.38211382,10.4963,1.5853000000000002,12.0816
EE,Estonia,2015,Klebsiella pneumoniae,Third-generation cephalosporins,23.65591397,10.4963,1.5853000000000002,12.0816
EE,Estonia,2015,Staphylococcus aureus,Meticillin (MRSA),3.97350993,10.4963,1.5853000000000002,12.0816
EE,Estonia,2016,Escherichia coli,Third-generation cephalosporins,8.98716119,10.3764,1.5487999999999997,11.9252
EE,Estonia,2016,Klebsiella pneumoniae,Third-generation cephalosporins,32.78688524,10.3764,1.5487999999999997,11.9252
EE,Estonia,2016,Staphylococcus aureus,Meticillin (MRSA),3.50318471,10.3764,1.5487999999999997,11.9252
EE,Estonia,2017,Escherichia coli,Third-generation cephalosporins,8.75634517,9.935,1.6139999999999999,11.549
EE,Estonia,2017,Klebsiella pneumoniae,Third-generation cephalosporins,21.11801242,9.935,1.6139999999999999,11.549
EE,Estonia,2017,Staphylococcus aureus,Meticillin (MRSA),2.06896551,9.935,1.6139999999999999,11.549
EE,Estonia,2018,Escherichia coli,Third-generation cephalosporins,9.76470588,10.2127,1.5292000000000001,11.7419
EE,Estonia,2018,Klebsiella pneumoniae,Third-generation cephalosporins,13.592233,10.2127,1.5292000000000001,11.7419
EE,Estonia,2018,Staphylococcus aureus,Meticillin (MRSA),3.34261838,10.2127,1.5292000000000001,11.7419
EE,Estonia,2019,Escherichia coli,Third-generation cephalosporins,11.53846153,10.2308,1.5206000000000002,11.7514
EE,Estonia,2019,Klebsiella pneumoniae,Third-generation cephalosporins,10.61452513,10.2308,1.5206000000000002,11.7514
EE,Estonia,2019,Staphylococcus aureus,Meticillin (MRSA),3.00546448,10.2308,1.5206000000000002,11.7514
EE,Estonia,2020,Escherichia coli,Third-generation cephalosporins,8.27374872,8.8022,1.6320999999999999,10.434299999999999
EE,Estonia,2020,Klebsiella pneumoniae,Third-generation cephalosporins,11.55778894,8.8022,1.6320999999999999,10.434299999999999
EE,Estonia,2020,Staphylococcus aureus,Meticillin (MRSA),2.9972752,8.8022,1.6320999999999999,10.434299999999999
EE,Estonia,2021,Escherichia coli,Third-generation cephalosporins,8.07319698,8.6547,1.3913000000000002,10.046
EE,Estonia,2021,Klebsiella pneumoniae,Third-generation cephalosporins,12.76595744,8.6547,1.3913000000000002,10.046
EE,Estonia,2021,Staphylococcus aureus,Meticillin (MRSA),1.50753768,8.6547,1.3913000000000002,10.046
EE,Estonia,2022,Escherichia coli,Third-generation cephalosporins,11.76470588,10.772499999999999,1.5927,12.3652
EE,Estonia,2022,Klebsiella pneumoniae,Third-generation cephalosporins,14.89361702,10.772499999999999,1.5927,12.3652
EE,Estonia,2022,Staphylococcus aureus,Meticillin (MRSA),2.21130221,10.772499999999999,1.5927,12.3652
FR,France,2013,Escherichia coli,Third-generation cephalosporins,9.52334055,24.084999999999997,1.7081,25.793099999999995
FR,France,2013,Klebsiella pneumoniae,Third-generation cephalosporins,28.01857585,24.084999999999997,1.7081,25.793099999999995
FR,France,2013,Staphylococcus aureus,Meticillin (MRSA),17.0686798,24.084999999999997,1.7081,25.793099999999995
FR,France,2014,Escherichia coli,Third-generation cephalosporins,9.94298966,23.0812,1.7334,24.8146
FR,France,2014,Klebsiella pneumoniae,Third-generation cephalosporins,29.56204379,23.0812,1.7334,24.8146
FR,France,2014,Staphylococcus aureus,Meticillin (MRSA),17.3778264,23.0812,1.7334,24.8146
FR,France,2015,Escherichia coli,Third-generation cephalosporins,10.97638222,23.7571,1.7130999999999998,25.470200000000002
FR,France,2015,Klebsiella pneumoniae,Third-generation cephalosporins,30.53892215,23.7571,1.7130999999999998,25.470200000000002
FR,France,2015,Staphylococcus aureus,Meticillin (MRSA),15.71815718,23.7571,1.7130999999999998,25.470200000000002
FR,France,2016,Escherichia coli,Third-generation cephalosporins,11.22602315,23.8397,1.7083000000000002,25.548000000000002
FR,France,2016,Klebsiella pneumoniae,Third-generation cephalosporins,28.87947631,23.8397,1.7083000000000002,25.548000000000002
FR,France,2016,Staphylococcus aureus,Meticillin (MRSA),13.76837576,23.8397,1.7083000000000002,25.548000000000002
FR,France,2017,Escherichia coli,Third-generation cephalosporins,10.22318753,22.938200000000002,1.6790999999999998,24.6173
FR,France,2017,Klebsiella pneumoniae,Third-generation cephalosporins,28.83817427,22.938200000000002,1.6790999999999998,24.6173
FR,France,2017,Staphylococcus aureus,Meticillin (MRSA),12.9171817,22.938200000000002,1.6790999999999998,24.6173
FR,France,2018,Escherichia coli,Third-generation cephalosporins,9.59251625,22.9236,1.7198,24.6434
FR,France,2018,Klebsiella pneumoniae,Third-generation cephalosporins,30.76162215,22.9236,1.7198,24.6434
FR,France,2018,Staphylococcus aureus,Meticillin (MRSA),12.11067651,22.9236,1.7198,24.6434
FR,France,2019,Escherichia coli,Third-generation cephalosporins,8.84860588,22.7271,1.6990999999999998,24.4262
FR,France,2019,Klebsiella pneumoniae,Third-generation cephalosporins,30.17886178,22.7271,1.6990999999999998,24.4262
FR,France,2019,Staphylococcus aureus,Meticillin (MRSA),11.62826658,22.7271,1.6990999999999998,24.4262
FR,France,2020,Escherichia coli,Third-generation cephalosporins,9.4659808,18.1418,1.5956,19.7374
FR,France,2020,Klebsiella pneumoniae,Third-generation cephalosporins,27.84935579,18.1418,1.5956,19.7374
FR,France,2020,Staphylococcus aureus,Meticillin (MRSA),12.0691257,18.1418,1.5956,19.7374
FR,France,2021,Escherichia coli,Third-generation cephalosporins,8.34267413,19.307,1.6454999999999997,20.952499999999997
FR,France,2021,Klebsiella pneumoniae,Third-generation cephalosporins,25.41725316,19.307,1.6454999999999997,20.952499999999997
FR,France,2021,Staphylococcus aureus,Meticillin (MRSA),11.00034674,19.307,1.6454999999999997,20.952499999999997
FR,France,2022,Escherichia coli,Third-generation cephalosporins,8.44148515,22.1114,1.7076999999999998,23.8191
FR,France,2022,Klebsiella pneumoniae,Third-generation cephalosporins,25.03433392,22.1114,1.7076999999999998,23.8191
FR,France,2022,Staphylococcus aureus,Meticillin (MRSA),10.43470079,22.1114,1.7076999999999998,23.8191
EL,Greece,2013,Escherichia coli,Third-generation cephalosporins,17.21115537,27.9414,1.7159,29.657300000000003
EL,Greece,2013,Klebsiella pneumoniae,Third-generation cephalosporins,70.11589403,27.9414,1.7159,29.657300000000003
EL,Greece,2013,Staphylococcus aureus,Meticillin (MRSA),40.29062087,27.9414,1.7159,29.657300000000003
EL,Greece,2014,Escherichia coli,Third-generation cephalosporins,21.03386809,29.1171,1.785,30.9021
EL,Greece,2014,Klebsiella pneumoniae,Third-generation cephalosporins,72.52747252,29.1171,1.785,30.9021
EL,Greece,2014,Staphylococcus aureus,Meticillin (MRSA),37.05035971,29.1171,1.785,30.9021
EL,Greece,2015,Escherichia coli,Third-generation cephalosporins,19.83539094,31.203599999999998,1.8475,33.0511
EL,Greece,2015,Klebsiella pneumoniae,Third-generation cephalosporins,69.53586497,31.203599999999998,1.8475,33.0511
EL,Greece,2015,Staphylococcus aureus,Meticillin (MRSA),39.37908496,31.203599999999998,1.8475,33.0511
EL,Greece,2016,Escherichia coli,Third-generation cephalosporins,17.6380368,30.8994,2.0664,32.9658
EL,Greece,2016,Klebsiella pneumoniae,Third-generation cephalosporins,72.48094834,30.8994,2.0664,32.9658
EL,Greece,2016,Staphylococcus aureus,Meticillin (MRSA),38.81064162,30.8994,2.0664,32.9658
EL,Greece,2017,Escherichia coli,Third-generation cephalosporins,18.29931972,32.0798,2.0024,34.0822
EL,Greece,2017,Klebsiella pneumoniae,Third-generation cephalosporins,69.16299559,32.0798,2.0024,34.0822
EL,Greece,2017,Staphylococcus aureus,Meticillin (MRSA),38.44282238,32.0798,2.0024,34.0822
EL,Greece,2018,Escherichia coli,Third-generation cephalosporins,19.32926829,32.4095,1.5806,33.9901
EL,Greece,2018,Klebsiella pneumoniae,Third-generation cephalosporins,70.73333333,32.4095,1.5806,33.9901
EL,Greece,2018,Staphylococcus aureus,Meticillin (MRSA),36.37387387,32.4095,1.5806,33.9901
EL,Greece,2019,Escherichia coli,Third-generation cephalosporins,18.94736842,32.343199999999996,1.6019,33.9451
EL,Greece,2019,Klebsiella pneumoniae,Third-generation cephalosporins,66.4516129,32.343199999999996,1.6019,33.9451
EL,Greece,2019,Staphylococcus aureus,Meticillin (MRSA),37.64705882,32.343199999999996,1.6019,33.9451
EL,Greece,2020,Escherichia coli,Third-generation cephalosporins,21.86948853,26.321,1.6658000000000002,27.986800000000002
EL,Greece,2020,Klebsiella pneumoniae,Third-generation cephalosporins,74.51790633,26.321,1.6658000000000002,27.986800000000002
EL,Greece,2020,Staphylococcus aureus,Meticillin (MRSA),40.17857142,26.321,1.6658000000000002,27.986800000000002
EL,Greece,2021,Escherichia coli,Third-generation cephalosporins,21.73314993,21.7223,1.6945999999999999,23.416900000000002
EL,Greece,2021,Klebsiella pneumoniae,Third-generation cephalosporins,80.36723163,21.7223,1.6945999999999999,23.416900000000002
EL,Greece,2021,Staphylococcus aureus,Meticillin (MRSA),41.85248713,21.7223,1.6945999999999999,23.416900000000002
EL,Greece,2022,Escherichia coli,Third-generation cephalosporins,23.31983805,31.1063,1.6957,32.802
EL,Greece,2022,Klebsiella pneumoniae,Third-generation cephalosporins,78.24639289,31.1063,1.6957,32.802
EL,Greece,2022,Staphylococcus aureus,Meticillin (MRSA),38.99782135,31.1063,1.6957,32.802
HU,Hungary,2013,Escherichia coli,Third-generation cephalosporins,18.85873347,13.357000000000001,1.0537,14.410700000000002
HU,Hungary,2013,Klebsiella pneumoniae,Third-generation cephalosporins,37.34290843,13.357000000000001,1.0537,14.410700000000002
HU,Hungary,2013,Staphylococcus aureus,Meticillin (MRSA),24.0,13.357000000000001,1.0537,14.410700000000002
HU,Hungary,2014,Escherichia coli,Third-generation cephalosporins,16.42989499,14.0101,1.0991,15.1092
HU,Hungary,2014,Klebsiella pneumoniae,Third-generation cephalosporins,35.55900621,14.0101,1.0991,15.1092
HU,Hungary,2014,Staphylococcus aureus,Meticillin (MRSA),23.06489444,14.0101,1.0991,15.1092
HU,Hungary,2015,Escherichia coli,Third-generation cephalosporins,16.73247778,14.686300000000001,1.0836999999999999,15.770000000000001
HU,Hungary,2015,Klebsiella pneumoniae,Third-generation cephalosporins,37.21590909,14.686300000000001,1.0836999999999999,15.770000000000001
HU,Hungary,2015,Staphylococcus aureus,Meticillin (MRSA),24.65392221,14.686300000000001,1.0836999999999999,15.770000000000001
HU,Hungary,2016,Escherichia coli,Third-generation cephalosporins,16.70847967,13.322,1.0444,14.366399999999999
HU,Hungary,2016,Klebsiella pneumoniae,Third-generation cephalosporins,37.53462603,13.322,1.0444,14.366399999999999
HU,Hungary,2016,Staphylococcus aureus,Meticillin (MRSA),25.17985611,13.322,1.0444,14.366399999999999
HU,Hungary,2017,Escherichia coli,Third-generation cephalosporins,20.11661807,13.4176,1.1038,14.5214
HU,Hungary,2017,Klebsiella pneumoniae,Third-generation cephalosporins,41.12554112,13.4176,1.1038,14.5214
HU,Hungary,2017,Staphylococcus aureus,Meticillin (MRSA),23.62707535,13.4176,1.1038,14.5214
HU,Hungary,2018,Escherichia coli,Third-generation cephalosporins,22.61603375,13.7082,1.1029,14.8111
HU,Hungary,2018,Klebsiella pneumoniae,Third-generation cephalosporins,40.21226415,13.7082,1.1029,14.8111
HU,Hungary,2018,Staphylococcus aureus,Meticillin (MRSA),23.12608948,13.7082,1.1029,14.8111
HU,Hungary,2019,Escherichia coli,Third-generation cephalosporins,20.5967675,13.257299999999999,1.1419,14.399199999999999
HU,Hungary,2019,Klebsiella pneumoniae,Third-generation cephalosporins,36.66300768,13.257299999999999,1.1419,14.399199999999999
HU,Hungary,2019,Staphylococcus aureus,Meticillin (MRSA),19.37367303,13.257299999999999,1.1419,14.399199999999999
HU,Hungary,2020,Escherichia coli,Third-generation cephalosporins,20.13251783,10.0229,1.1831,11.206
HU,Hungary,2020,Klebsiella pneumoniae,Third-generation cephalosporins,40.38461538,10.0229,1.1831,11.206
HU,Hungary,2020,Staphylococcus aureus,Meticillin (MRSA),20.95175148,10.0229,1.1831,11.206
HU,Hungary,2021,Escherichia coli,Third-generation cephalosporins,20.40485829,10.8123,1.1027,11.915000000000001
HU,Hungary,2021,Klebsiella pneumoniae,Third-generation cephalosporins,38.64864864,10.8123,1.1027,11.915000000000001
HU,Hungary,2021,Staphylococcus aureus,Meticillin (MRSA),19.28783382,10.8123,1.1027,11.915000000000001
HU,Hungary,2022,Escherichia coli,Third-generation cephalosporins,22.57309941,13.342,1.0217,14.363700000000001
HU,Hungary,2022,Klebsiella pneumoniae,Third-generation cephalosporins,40.74074074,13.342,1.0217,14.363700000000001
HU,Hungary,2022,Staphylococcus aureus,Meticillin (MRSA),20.89768339,13.342,1.0217,14.363700000000001
IS,Iceland,2017,Escherichia coli,Third-generation cephalosporins,6.10328638,19.0385,1.6488,20.6873
IS,Iceland,2017,Staphylococcus aureus,Meticillin (MRSA),1.44927536,19.0385,1.6488,20.6873
IS,Iceland,2018,Escherichia coli,Third-generation cephalosporins,8.08080808,18.8319,1.5214999999999999,20.3534
IS,Iceland,2018,Staphylococcus aureus,Meticillin (MRSA),0.0,18.8319,1.5214999999999999,20.3534
IS,Iceland,2019,Escherichia coli,Third-generation cephalosporins,7.00389105,17.9515,1.3140999999999998,19.2656
IS,Iceland,2019,Klebsiella pneumoniae,Third-generation cephalosporins,4.34782608,17.9515,1.3140999999999998,19.2656
IS,Iceland,2019,Staphylococcus aureus,Meticillin (MRSA),5.78512396,17.9515,1.3140999999999998,19.2656
IS,Iceland,2020,Escherichia coli,Third-generation cephalosporins,11.02040816,15.3629,1.0918,16.4547
IS,Iceland,2020,Klebsiella pneumoniae,Third-generation cephalosporins,0.0,15.3629,1.0918,16.4547
IS,Iceland,2020,Staphylococcus aureus,Meticillin (MRSA),5.17241379,15.3629,1.0918,16.4547
IS,Iceland,2021,Escherichia coli,Third-generation cephalosporins,10.43165467,15.7252,1.0052,16.7304
IS,Iceland,2021,Klebsiella pneumoniae,Third-generation cephalosporins,3.44827586,15.7252,1.0052,16.7304
IS,Iceland,2021,Staphylococcus aureus,Meticillin (MRSA),1.05263157,15.7252,1.0052,16.7304
IS,Iceland,2022,Escherichia coli,Third-generation cephalosporins,9.78723404,17.466800000000003,1.1151,18.581900000000005
IS,Iceland,2022,Klebsiella pneumoniae,Third-generation cephalosporins,3.125,17.466800000000003,1.1151,18.581900000000005
IS,Iceland,2022,Staphylococcus aureus,Meticillin (MRSA),2.77777777,17.466800000000003,1.1151,18.581900000000005
IE,Ireland,2013,Escherichia coli,Third-generation cephalosporins,10.64516129,20.0454,1.5214,21.5668
IE,Ireland,2013,Klebsiella pneumoniae,Third-generation cephalosporins,19.30379746,20.0454,1.5214,21.5668
IE,Ireland,2013,Staphylococcus aureus,Meticillin (MRSA),19.9251637,20.0454,1.5214,21.5668
IE,Ireland,2014,Escherichia coli,Third-generation cephalosporins,10.73950204,19.5092,1.4187,20.9279
IE,Ireland,2014,Klebsiella pneumoniae,Third-generation cephalosporins,11.5819209,19.5092,1.4187,20.9279
IE,Ireland,2014,Staphylococcus aureus,Meticillin (MRSA),19.44186046,19.5092,1.4187,20.9279
IE,Ireland,2015,Escherichia coli,Third-generation cephalosporins,11.3722517,21.2688,1.6468,22.915599999999998
IE,Ireland,2015,Klebsiella pneumoniae,Third-generation cephalosporins,14.72868217,21.2688,1.6468,22.915599999999998
IE,Ireland,2015,Staphylococcus aureus,Meticillin (MRSA),18.07000946,21.2688,1.6468,22.915599999999998
IE,Ireland,2016,Escherichia coli,Third-generation cephalosporins,11.39028475,20.354699999999998,1.5941,21.9488
IE,Ireland,2016,Klebsiella pneumoniae,Third-generation cephalosporins,13.49557522,20.354699999999998,1.5941,21.9488
IE,Ireland,2016,Staphylococcus aureus,Meticillin (MRSA),14.34820647,20.354699999999998,1.5941,21.9488
IE,Ireland,2017,Escherichia coli,Third-generation cephalosporins,11.98333867,19.3242,1.5229,20.8471
IE,Ireland,2017,Klebsiella pneumoniae,Third-generation cephalosporins,14.64435146,19.3242,1.5229,20.8471
IE,Ireland,2017,Staphylococcus aureus,Meticillin (MRSA),16.31578947,19.3242,1.5229,20.8471
IE,Ireland,2018,Escherichia coli,Third-generation cephalosporins,12.88229842,20.6416,1.6964000000000001,22.338
IE,Ireland,2018,Klebsiella pneumoniae,Third-generation cephalosporins,14.49275362,20.6416,1.6964000000000001,22.338
IE,Ireland,2018,Staphylococcus aureus,Meticillin (MRSA),12.37373737,20.6416,1.6964000000000001,22.338
IE,Ireland,2019,Escherichia coli,Third-generation cephalosporins,12.07056638,21.002000000000002,1.6889000000000003,22.690900000000003
IE,Ireland,2019,Klebsiella pneumoniae,Third-generation cephalosporins,17.64705882,21.002000000000002,1.6889000000000003,22.690900000000003
IE,Ireland,2019,Staphylococcus aureus,Meticillin (MRSA),12.56544502,21.002000000000002,1.6889000000000003,22.690900000000003
IE,Ireland,2020,Escherichia coli,Third-generation cephalosporins,11.8245614,17.0875,1.4050999999999998,18.4926
IE,Ireland,2020,Klebsiella pneumoniae,Third-generation cephalosporins,18.68583162,17.0875,1.4050999999999998,18.4926
IE,Ireland,2020,Staphylococcus aureus,Meticillin (MRSA),11.62109375,17.0875,1.4050999999999998,18.4926
IE,Ireland,2021,Escherichia coli,Third-generation cephalosporins,9.95521873,16.3021,1.4289,17.730999999999998
IE,Ireland,2021,Klebsiella pneumoniae,Third-generation cephalosporins,15.5378486,16.3021,1.4289,17.730999999999998
IE,Ireland,2021,Staphylococcus aureus,Meticillin (MRSA),10.63478977,16.3021,1.4289,17.730999999999998
IE,Ireland,2022,Escherichia coli,Third-generation cephalosporins,9.67741935,21.4583,1.6091,23.067400000000003
IE,Ireland,2022,Klebsiella pneumoniae,Third-generation cephalosporins,12.57995735,21.4583,1.6091,23.067400000000003
IE,Ireland,2022,Staphylococcus aureus,Meticillin (MRSA),10.44142614,21.4583,1.6091,23.067400000000003
IT,Italy,2013,Escherichia coli,Third-generation cephalosporins,26.19047619,23.227300000000003,1.8273,25.054600000000004
IT,Italy,2013,Klebsiella pneumoniae,Third-generation cephalosporins,55.10062456,23.227300000000003,1.8273,25.054600000000004
IT,Italy,2013,Staphylococcus aureus,Meticillin (MRSA),35.83959899,23.227300000000003,1.8273,25.054600000000004
IT,Italy,2014,Escherichia coli,Third-generation cephalosporins,28.66811044,22.5321,1.8201,24.3522
IT,Italy,2014,Klebsiella pneumoniae,Third-generation cephalosporins,56.48218347,22.5321,1.8201,24.3522
IT,Italy,2014,Staphylococcus aureus,Meticillin (MRSA),33.55201499,22.5321,1.8201,24.3522
IT,Italy,2015,Escherichia coli,Third-generation cephalosporins,30.07868383,22.2941,1.83,24.1241
IT,Italy,2015,Klebsiella pneumoniae,Third-generation cephalosporins,55.87793896,22.2941,1.83,24.1241
IT,Italy,2015,Staphylococcus aureus,Meticillin (MRSA),34.1,22.2941,1.83,24.1241
IT,Italy,2016,Escherichia coli,Third-generation cephalosporins,29.77433479,21.753300000000003,1.7469,23.500200000000003
IT,Italy,2016,Klebsiella pneumoniae,Third-generation cephalosporins,55.83259127,21.753300000000003,1.7469,23.500200000000003
IT,Italy,2016,Staphylococcus aureus,Meticillin (MRSA),33.57933579,21.753300000000003,1.7469,23.500200000000003
IT,Italy,2017,Escherichia coli,Third-generation cephalosporins,29.48989684,18.942400000000003,1.8451999999999997,20.7876
IT,Italy,2017,Klebsiella pneumoniae,Third-generation cephalosporins,54.59544383,18.942400000000003,1.8451999999999997,20.7876
IT,Italy,2017,Staphylococcus aureus,Meticillin (MRSA),33.89028125,18.942400000000003,1.8451999999999997,20.7876
IT,Italy,2018,Escherichia coli,Third-generation cephalosporins,28.69624069,19.4218,1.8628,21.2846
IT,Italy,2018,Klebsiella pneumoniae,Third-generation cephalosporins,53.58367626,19.4218,1.8628,21.2846
IT,Italy,2018,Staphylococcus aureus,Meticillin (MRSA),33.98281495,19.4218,1.8628,21.2846
IT,Italy,2019,Escherichia coli,Third-generation cephalosporins,30.8653376,19.7226,1.8501999999999998,21.5728
IT,Italy,2019,Klebsiella pneumoniae,Third-generation cephalosporins,57.59189505,19.7226,1.8501999999999998,21.5728
IT,Italy,2019,Staphylococcus aureus,Meticillin (MRSA),34.31463691,19.7226,1.8501999999999998,21.5728
IT,Italy,2020,Escherichia coli,Third-generation cephalosporins,26.41066666,16.4405,1.8787,18.3192
IT,Italy,2020,Klebsiella pneumoniae,Third-generation cephalosporins,54.33333333,16.4405,1.8787,18.3192
IT,Italy,2020,Staphylococcus aureus,Meticillin (MRSA),33.54389819,16.4405,1.8787,18.3192
IT,Italy,2021,Escherichia coli,Third-generation cephalosporins,24.37776864,15.9459,1.5022,17.4481
IT,Italy,2021,Klebsiella pneumoniae,Third-generation cephalosporins,53.62936772,15.9459,1.5022,17.4481
IT,Italy,2021,Staphylococcus aureus,Meticillin (MRSA),30.54778746,15.9459,1.5022,17.4481
IT,Italy,2022,Escherichia coli,Third-generation cephalosporins,24.24384159,20.0088,1.7752,21.784
IT,Italy,2022,Klebsiella pneumoniae,Third-generation cephalosporins,53.2955229,20.0088,1.7752,21.784
IT,Italy,2022,Staphylococcus aureus,Meticillin (MRSA),29.94378424,20.0088,1.7752,21.784
LV,Latvia,2013,Escherichia coli,Third-generation cephalosporins,13.97058823,11.6571,1.895,13.5521
LV,Latvia,2013,Klebsiella pneumoniae,Third-generation cephalosporins,66.30434782,11.6571,1.895,13.5521
LV,Latvia,2013,Staphylococcus aureus,Meticillin (MRSA),6.97674418,11.6571,1.895,13.5521
LV,Latvia,2014,Escherichia coli,Third-generation cephalosporins,10.9090909,10.972999999999999,1.8857000000000002,12.858699999999999
LV,Latvia,2014,Klebsiella pneumoniae,Third-generation cephalosporins,52.88461538,10.972999999999999,1.8857000000000002,12.858699999999999
LV,Latvia,2014,Staphylococcus aureus,Meticillin (MRSA),8.18181818,10.972999999999999,1.8857000000000002,12.858699999999999
LV,Latvia,2015,Escherichia coli,Third-generation cephalosporins,17.91044776,10.6843,1.8212,12.5055
LV,Latvia,2015,Klebsiella pneumoniae,Third-generation cephalosporins,46.95652173,10.6843,1.8212,12.5055
LV,Latvia,2015,Staphylococcus aureus,Meticillin (MRSA),5.57768924,10.6843,1.8212,12.5055
LV,Latvia,2016,Escherichia coli,Third-generation cephalosporins,24.11067193,11.4726,1.7987000000000002,13.2713
LV,Latvia,2016,Klebsiella pneumoniae,Third-generation cephalosporins,47.36842105,11.4726,1.7987000000000002,13.2713
LV,Latvia,2016,Staphylococcus aureus,Meticillin (MRSA),4.22535211,11.4726,1.7987000000000002,13.2713
LV,Latvia,2017,Escherichia coli,Third-generation cephalosporins,21.95121951,12.0169,1.8402,13.857099999999999
LV,Latvia,2017,Klebsiella pneumoniae,Third-generation cephalosporins,33.62068965,12.0169,1.8402,13.857099999999999
LV,Latvia,2017,Staphylococcus aureus,Meticillin (MRSA),5.71428571,12.0169,1.8402,13.857099999999999
LV,Latvia,2018,Escherichia coli,Third-generation cephalosporins,20.40229885,11.8377,1.8714,13.7091
LV,Latvia,2018,Klebsiella pneumoniae,Third-generation cephalosporins,37.74509803,11.8377,1.8714,13.7091
LV,Latvia,2018,Staphylococcus aureus,Meticillin (MRSA),5.71428571,11.8377,1.8714,13.7091
LV,Latvia,2019,Escherichia coli,Third-generation cephalosporins,19.68325791,11.9972,1.8274,13.8246
LV,Latvia,2019,Klebsiella pneumoniae,Third-generation cephalosporins,36.86868686,11.9972,1.8274,13.8246
LV,Latvia,2019,Staphylococcus aureus,Meticillin (MRSA),7.8384798,11.9972,1.8274,13.8246
LV,Latvia,2020,Escherichia coli,Third-generation cephalosporins,24.07407407,9.9558,1.8786,11.8344
LV,Latvia,2020,Klebsiella pneumoniae,Third-generation cephalosporins,48.40425531,9.9558,1.8786,11.8344
LV,Latvia,2020,Staphylococcus aureus,Meticillin (MRSA),9.34844192,9.9558,1.8786,11.8344
LV,Latvia,2021,Escherichia coli,Third-generation cephalosporins,18.32061068,10.1466,1.4517000000000002,11.5983
LV,Latvia,2021,Klebsiella pneumoniae,Third-generation cephalosporins,35.96837944,10.1466,1.4517000000000002,11.5983
LV,Latvia,2021,Staphylococcus aureus,Meticillin (MRSA),5.25164113,10.1466,1.4517000000000002,11.5983
LV,Latvia,2022,Escherichia coli,Third-generation cephalosporins,20.04132231,13.4378,1.4945000000000002,14.9323
LV,Latvia,2022,Klebsiella pneumoniae,Third-generation cephalosporins,38.67595818,13.4378,1.4945000000000002,14.9323
LV,Latvia,2022,Staphylococcus aureus,Meticillin (MRSA),7.21247563,13.4378,1.4945000000000002,14.9323
LT,Lithuania,2013,Escherichia coli,Third-generation cephalosporins,7.60368663,14.724,1.8125999999999998,16.5366
LT,Lithuania,2013,Klebsiella pneumoniae,Third-generation cephalosporins,44.13793103,14.724,1.8125999999999998,16.5366
LT,Lithuania,2013,Staphylococcus aureus,Meticillin (MRSA),10.11235955,14.724,1.8125999999999998,16.5366
LT,Lithuania,2014,Escherichia coli,Third-generation cephalosporins,8.08080808,12.7569,1.8311000000000002,14.588000000000001
LT,Lithuania,2014,Klebsiella pneumoniae,Third-generation cephalosporins,52.59740259,12.7569,1.8311000000000002,14.588000000000001
LT,Lithuania,2014,Staphylococcus aureus,Meticillin (MRSA),7.31070496,12.7569,1.8311000000000002,14.588000000000001
LT,Lithuania,2015,Escherichia coli,Third-generation cephalosporins,16.00688468,13.2644,2.0159,15.2803
LT,Lithuania,2015,Klebsiella pneumoniae,Third-generation cephalosporins,51.68539325,13.2644,2.0159,15.2803
LT,Lithuania,2015,Staphylococcus aureus,Meticillin (MRSA),9.04255319,13.2644,2.0159,15.2803
LT,Lithuania,2016,Escherichia coli,Third-generation cephalosporins,14.71698113,13.4992,2.0660999999999996,15.5653
LT,Lithuania,2016,Klebsiella pneumoniae,Third-generation cephalosporins,56.74846625,13.4992,2.0660999999999996,15.5653
LT,Lithuania,2016,Staphylococcus aureus,Meticillin (MRSA),11.5308151,13.4992,2.0660999999999996,15.5653
LT,Lithuania,2017,Escherichia coli,Third-generation cephalosporins,16.78403755,14.086099999999998,2.1896999999999998,16.275799999999997
LT,Lithuania,2017,Klebsiella pneumoniae,Third-generation cephalosporins,63.19018404,14.086099999999998,2.1896999999999998,16.275799999999997
LT,Lithuania,2017,Staphylococcus aureus,Meticillin (MRSA),8.75486381,14.086099999999998,2.1896999999999998,16.275799999999997
LT,Lithuania,2018,Escherichia coli,Third-generation cephalosporins,15.32912533,13.8624,2.2023,16.0647
LT,Lithuania,2018,Klebsiella pneumoniae,Third-generation cephalosporins,55.79514824,13.8624,2.2023,16.0647
LT,Lithuania,2018,Staphylococcus aureus,Meticillin (MRSA),8.39363241,13.8624,2.2023,16.0647
LT,Lithuania,2019,Escherichia coli,Third-generation cephalosporins,13.86925795,13.9838,2.245,16.2288
LT,Lithuania,2019,Klebsiella pneumoniae,Third-generation cephalosporins,55.0,13.9838,2.245,16.2288
LT,Lithuania,2019,Staphylococcus aureus,Meticillin (MRSA),9.29878048,13.9838,2.245,16.2288
LT,Lithuania,2020,Escherichia coli,Third-generation cephalosporins,15.93695271,11.8703,2.2765,14.1468
LT,Lithuania,2020,Klebsiella pneumoniae,Third-generation cephalosporins,42.6150121,11.8703,2.2765,14.1468
LT,Lithuania,2020,Staphylococcus aureus,Meticillin (MRSA),9.80113636,11.8703,2.2765,14.1468
LT,Lithuania,2021,Escherichia coli,Third-generation cephalosporins,13.61665221,12.1167,1.9198,14.0365
LT,Lithuania,2021,Klebsiella pneumoniae,Third-generation cephalosporins,42.96875,12.1167,1.9198,14.0365
LT,Lithuania,2021,Staphylococcus aureus,Meticillin (MRSA),8.98123324,12.1167,1.9198,14.0365
LT,Lithuania,2022,Escherichia coli,Third-generation cephalosporins,15.43162719,16.142,2.2908,18.4328
LT,Lithuania,2022,Klebsiella pneumoniae,Third-generation cephalosporins,39.84526112,16.142,2.2908,18.4328
LT,Lithuania,2022,Staphylococcus aureus,Meticillin (MRSA),9.42028985,16.142,2.2908,18.4328
LU,Luxembourg,2013,Escherichia coli,Third-generation cephalosporins,10.63122923,23.119300000000003,1.7798999999999998,24.899200000000004
LU,Luxembourg,2013,Klebsiella pneumoniae,Third-generation cephalosporins,33.96226415,23.119300000000003,1.7798999999999998,24.899200000000004
LU,Luxembourg,2013,Staphylococcus aureus,Meticillin (MRSA),8.88888888,23.119300000000003,1.7798999999999998,24.899200000000004
LU,Luxembourg,2014,Escherichia coli,Third-generation cephalosporins,11.95652173,21.5801,1.5825,23.1626
LU,Luxembourg,2014,Klebsiella pneumoniae,Third-generation cephalosporins,34.84848484,21.5801,1.5825,23.1626
LU,Luxembourg,2014,Staphylococcus aureus,Meticillin (MRSA),12.0,21.5801,1.5825,23.1626
LU,Luxembourg,2015,Escherichia coli,Third-generation cephalosporins,12.68011527,21.829,1.5714000000000001,23.4004
LU,Luxembourg,2015,Klebsiella pneumoniae,Third-generation cephalosporins,28.33333333,21.829,1.5714000000000001,23.4004
LU,Luxembourg,2015,Staphylococcus aureus,Meticillin (MRSA),8.88888888,21.829,1.5714000000000001,23.4004
LU,Luxembourg,2016,Escherichia coli,Third-generation cephalosporins,13.63636363,21.348,1.5335999999999999,22.8816
LU,Luxembourg,2016,Klebsiella pneumoniae,Third-generation cephalosporins,35.89743589,21.348,1.5335999999999999,22.8816
LU,Luxembourg,2016,Staphylococcus aureus,Meticillin (MRSA),9.62566844,21.348,1.5335999999999999,22.8816
LU,Luxembourg,2017,Escherichia coli,Third-generation cephalosporins,9.69976905,20.853199999999998,1.5834,22.4366
LU,Luxembourg,2017,Klebsiella pneumoniae,Third-generation cephalosporins,27.27272727,20.853199999999998,1.5834,22.4366
LU,Luxembourg,2017,Staphylococcus aureus,Meticillin (MRSA),9.5,20.853199999999998,1.5834,22.4366
LU,Luxembourg,2018,Escherichia coli,Third-generation cephalosporins,12.5,20.6692,1.3639999999999999,22.0332
LU,Luxembourg,2018,Klebsiella pneumoniae,Third-generation cephalosporins,29.4117647,20.6692,1.3639999999999999,22.0332
LU,Luxembourg,2018,Staphylococcus aureus,Meticillin (MRSA),7.73480662,20.6692,1.3639999999999999,22.0332
LU,Luxembourg,2019,Escherichia coli,Third-generation cephalosporins,12.60162601,19.7326,1.3534,21.086000000000002
LU,Luxembourg,2019,Klebsiella pneumoniae,Third-generation cephalosporins,25.24271844,19.7326,1.3534,21.086000000000002
LU,Luxembourg,2019,Staphylococcus aureus,Meticillin (MRSA),6.22009569,19.7326,1.3534,21.086000000000002
LU,Luxembourg,2020,Escherichia coli,Third-generation cephalosporins,11.44859813,14.829799999999999,1.2514,16.0812
LU,Luxembourg,2020,Klebsiella pneumoniae,Third-generation cephalosporins,26.4367816,14.829799999999999,1.2514,16.0812
LU,Luxembourg,2020,Staphylococcus aureus,Meticillin (MRSA),3.07692307,14.829799999999999,1.2514,16.0812
LU,Luxembourg,2021,Escherichia coli,Third-generation cephalosporins,11.29943502,14.5991,1.2651,15.8642
LU,Luxembourg,2021,Klebsiella pneumoniae,Third-generation cephalosporins,25.74257425,14.5991,1.2651,15.8642
LU,Luxembourg,2021,Staphylococcus aureus,Meticillin (MRSA),5.52763819,14.5991,1.2651,15.8642
LU,Luxembourg,2022,Escherichia coli,Third-generation cephalosporins,10.44776119,17.6353,1.3856,19.0209
LU,Luxembourg,2022,Klebsiella pneumoniae,Third-generation cephalosporins,18.8034188,17.6353,1.3856,19.0209
LU,Luxembourg,2022,Staphylococcus aureus,Meticillin (MRSA),4.68085106,17.6353,1.3856,19.0209
MT,Malta,2013,Escherichia coli,Third-generation cephalosporins,8.67768595,20.352899999999998,1.4816999999999998,21.8346
MT,Malta,2013,Klebsiella pneumoniae,Third-generation cephalosporins,28.35820895,20.352899999999998,1.4816999999999998,21.8346
MT,Malta,2013,Staphylococcus aureus,Meticillin (MRSA),53.7735849,20.352899999999998,1.4816999999999998,21.8346
MT,Malta,2014,Escherichia coli,Third-generation cephalosporins,10.82089552,19.7902,1.8466999999999998,21.636899999999997
MT,Malta,2014,Klebsiella pneumoniae,Third-generation cephalosporins,28.28282828,19.7902,1.8466999999999998,21.636899999999997
MT,Malta,2014,Staphylococcus aureus,Meticillin (MRSA),43.58974358,19.7902,1.8466999999999998,21.636899999999997
MT,Malta,2015,Escherichia coli,Third-generation cephalosporins,11.76470588,18.4965,2.3912,20.887700000000002
MT,Malta,2015,Klebsiella pneumoniae,Third-generation cephalosporins,15.9090909,18.4965,2.3912,20.887700000000002
MT,Malta,2015,Staphylococcus aureus,Meticillin (MRSA),49.42528735,18.4965,2.3912,20.887700000000002
MT,Malta,2016,Escherichia coli,Third-generation cephalosporins,14.63414634,18.113500000000002,2.4286999999999996,20.5422
MT,Malta,2016,Klebsiella pneumoniae,Third-generation cephalosporins,21.56862745,18.113500000000002,2.4286999999999996,20.5422
MT,Malta,2016,Staphylococcus aureus,Meticillin (MRSA),37.11340206,18.113500000000002,2.4286999999999996,20.5422
MT,Malta,2017,Escherichia coli,Third-generation cephalosporins,15.60509554,19.4949,2.7074,22.2023
MT,Malta,2017,Klebsiella pneumoniae,Third-generation cephalosporins,35.04273504,19.4949,2.7074,22.2023
MT,Malta,2017,Staphylococcus aureus,Meticillin (MRSA),42.10526315,19.4949,2.7074,22.2023
MT,Malta,2018,Escherichia coli,Third-generation cephalosporins,15.36144578,17.6818,2.1752000000000002,19.857
MT,Malta,2018,Klebsiella pneumoniae,Third-generation cephalosporins,53.28467153,17.6818,2.1752000000000002,19.857
MT,Malta,2018,Staphylococcus aureus,Meticillin (MRSA),36.36363636,17.6818,2.1752000000000002,19.857
MT,Malta,2019,Escherichia coli,Third-generation cephalosporins,17.46987951,18.430699999999998,1.9274,20.358099999999997
MT,Malta,2019,Klebsiella pneumoniae,Third-generation cephalosporins,37.20930232,18.430699999999998,1.9274,20.358099999999997
MT,Malta,2019,Staphylococcus aureus,Meticillin (MRSA),24.0,18.430699999999998,1.9274,20.358099999999997
MT,Malta,2020,Escherichia coli,Third-generation cephalosporins,12.27436823,14.2015,2.1223,16.3238
MT,Malta,2020,Klebsiella pneumoniae,Third-generation cephalosporins,38.63636363,14.2015,2.1223,16.3238
MT,Malta,2020,Staphylococcus aureus,Meticillin (MRSA),19.56521739,14.2015,2.1223,16.3238
MT,Malta,2021,Escherichia coli,Third-generation cephalosporins,13.71237458,13.9113,1.6275,15.5388
MT,Malta,2021,Klebsiella pneumoniae,Third-generation cephalosporins,28.88888888,13.9113,1.6275,15.5388
MT,Malta,2021,Staphylococcus aureus,Meticillin (MRSA),20.38834951,13.9113,1.6275,15.5388
MT,Malta,2022,Escherichia coli,Third-generation cephalosporins,11.34969325,21.529099999999996,2.2089999999999996,23.738099999999996
MT,Malta,2022,Klebsiella pneumoniae,Third-generation cephalosporins,27.5,21.529099999999996,2.2089999999999996,23.738099999999996
MT,Malta,2022,Staphylococcus aureus,Meticillin (MRSA),18.96551724,21.529099999999996,2.2089999999999996,23.738099999999996
NL,Netherlands,2013,Escherichia coli,Third-generation cephalosporins,6.07651912,9.575999999999999,0.7978999999999998,10.373899999999999
NL,Netherlands,2013,Klebsiella pneumoniae,Third-generation cephalosporins,7.56859035,9.575999999999999,0.7978999999999998,10.373899999999999
NL,Netherlands,2013,Staphylococcus aureus,Meticillin (MRSA),1.50324564,9.575999999999999,0.7978999999999998,10.373899999999999
NL,Netherlands,2014,Escherichia coli,Third-generation cephalosporins,6.12015721,9.3868,0.8039000000000001,10.1907
NL,Netherlands,2014,Klebsiella pneumoniae,Third-generation cephalosporins,5.87711487,9.3868,0.8039000000000001,10.1907
NL,Netherlands,2014,Staphylococcus aureus,Meticillin (MRSA),0.93328724,9.3868,0.8039000000000001,10.1907
NL,Netherlands,2015,Escherichia coli,Third-generation cephalosporins,6.07859768,9.462499999999999,0.8209,10.283399999999999
NL,Netherlands,2015,Klebsiella pneumoniae,Third-generation cephalosporins,9.43238731,9.462499999999999,0.8209,10.283399999999999
NL,Netherlands,2015,Staphylococcus aureus,Meticillin (MRSA),1.55234657,9.462499999999999,0.8209,10.283399999999999
NL,Netherlands,2016,Escherichia coli,Third-generation cephalosporins,6.59310344,9.2269,0.8095,10.0364
NL,Netherlands,2016,Klebsiella pneumoniae,Third-generation cephalosporins,10.53030303,9.2269,0.8095,10.0364
NL,Netherlands,2016,Staphylococcus aureus,Meticillin (MRSA),1.18382111,9.2269,0.8095,10.0364
NL,Netherlands,2017,Escherichia coli,Third-generation cephalosporins,6.36569449,8.9223,0.7972999999999999,9.7196
NL,Netherlands,2017,Klebsiella pneumoniae,Third-generation cephalosporins,10.91045899,8.9223,0.7972999999999999,9.7196
NL,Netherlands,2017,Staphylococcus aureus,Meticillin (MRSA),1.57635467,8.9223,0.7972999999999999,9.7196
NL,Netherlands,2018,Escherichia coli,Third-generation cephalosporins,7.31559854,8.8802,0.7985,9.678700000000001
NL,Netherlands,2018,Klebsiella pneumoniae,Third-generation cephalosporins,10.72368421,8.8802,0.7985,9.678700000000001
NL,Netherlands,2018,Staphylococcus aureus,Meticillin (MRSA),1.20583286,8.8802,0.7985,9.678700000000001
NL,Netherlands,2019,Escherichia coli,Third-generation cephalosporins,7.52054794,8.6592,0.7665,9.4257
NL,Netherlands,2019,Klebsiella pneumoniae,Third-generation cephalosporins,9.62343096,8.6592,0.7665,9.4257
NL,Netherlands,2019,Staphylococcus aureus,Meticillin (MRSA),1.49022042,8.6592,0.7665,9.4257
NL,Netherlands,2020,Escherichia coli,Third-generation cephalosporins,6.64531625,7.755199999999999,0.7332,8.488399999999999
NL,Netherlands,2020,Klebsiella pneumoniae,Third-generation cephalosporins,11.16678596,7.755199999999999,0.7332,8.488399999999999
NL,Netherlands,2020,Staphylococcus aureus,Meticillin (MRSA),1.48800485,7.755199999999999,0.7332,8.488399999999999
NL,Netherlands,2021,Escherichia coli,Third-generation cephalosporins,6.64638783,7.6116,0.6748000000000001,8.2864
NL,Netherlands,2021,Klebsiella pneumoniae,Third-generation cephalosporins,10.07874015,7.6116,0.6748000000000001,8.2864
NL,Netherlands,2021,Staphylococcus aureus,Meticillin (MRSA),1.51655834,7.6116,0.6748000000000001,8.2864
NL,Netherlands,2022,Escherichia coli,Third-generation cephalosporins,7.74774774,8.3076,0.7222,9.029800000000002
NL,Netherlands,2022,Klebsiella pneumoniae,Third-generation cephalosporins,9.81949458,8.3076,0.7222,9.029800000000002
NL,Netherlands,2022,Staphylococcus aureus,Meticillin (MRSA),1.88417844,8.3076,0.7222,9.029800000000002
NO,Norway,2013,Escherichia coli,Third-generation cephalosporins,5.52486187,15.8153,1.2985,17.1138
NO,Norway,2013,Klebsiella pneumoniae,Third-generation cephalosporins,4.03100775,15.8153,1.2985,17.1138
NO,Norway,2013,Staphylococcus aureus,Meticillin (MRSA),0.67888662,15.8153,1.2985,17.1138
NO,Norway,2014,Escherichia coli,Third-generation cephalosporins,5.78778135,15.529300000000001,1.3055,16.8348
NO,Norway,2014,Klebsiella pneumoniae,Third-generation cephalosporins,5.89812332,15.529300000000001,1.3055,16.8348
NO,Norway,2014,Staphylococcus aureus,Meticillin (MRSA),1.03626943,15.529300000000001,1.3055,16.8348
NO,Norway,2015,Escherichia coli,Third-generation cephalosporins,6.02847621,15.4193,1.2969,16.7162
NO,Norway,2015,Klebsiella pneumoniae,Third-generation cephalosporins,4.99286733,15.4193,1.2969,16.7162
NO,Norway,2015,Staphylococcus aureus,Meticillin (MRSA),1.10116999,15.4193,1.2969,16.7162
NO,Norway,2016,Escherichia coli,Third-generation cephalosporins,5.55709151,14.8823,1.2777,16.16
NO,Norway,2016,Klebsiella pneumoniae,Third-generation cephalosporins,5.79531442,14.8823,1.2777,16.16
NO,Norway,2016,Staphylococcus aureus,Meticillin (MRSA),1.17403314,14.8823,1.2777,16.16
NO,Norway,2017,Escherichia coli,Third-generation cephalosporins,5.8650241,14.354500000000002,1.3031,15.657600000000002
NO,Norway,2017,Klebsiella pneumoniae,Third-generation cephalosporins,5.76184379,14.354500000000002,1.3031,15.657600000000002
NO,Norway,2017,Staphylococcus aureus,Meticillin (MRSA),0.95759233,14.354500000000002,1.3031,15.657600000000002
NO,Norway,2018,Escherichia coli,Third-generation cephalosporins,6.75431812,13.971400000000001,1.2179,15.189300000000001
NO,Norway,2018,Klebsiella pneumoniae,Third-generation cephalosporins,7.46268656,13.971400000000001,1.2179,15.189300000000001
NO,Norway,2018,Staphylococcus aureus,Meticillin (MRSA),0.90497737,13.971400000000001,1.2179,15.189300000000001
NO,Norway,2019,Escherichia coli,Third-generation cephalosporins,6.18404907,13.602,1.2131,14.815100000000001
NO,Norway,2019,Klebsiella pneumoniae,Third-generation cephalosporins,7.69230769,13.602,1.2131,14.815100000000001
NO,Norway,2019,Staphylococcus aureus,Meticillin (MRSA),1.03406326,13.602,1.2131,14.815100000000001
NO,Norway,2020,Escherichia coli,Third-generation cephalosporins,5.79479,12.749699999999999,1.0840999999999998,13.833799999999998
NO,Norway,2020,Klebsiella pneumoniae,Third-generation cephalosporins,10.11396011,12.749699999999999,1.0840999999999998,13.833799999999998
NO,Norway,2020,Staphylococcus aureus,Meticillin (MRSA),1.61082474,12.749699999999999,1.0840999999999998,13.833799999999998
NO,Norway,2021,Escherichia coli,Third-generation cephalosporins,5.49622297,12.8332,1.0737999999999999,13.907
NO,Norway,2021,Klebsiella pneumoniae,Third-generation cephalosporins,7.36975857,12.8332,1.0737999999999999,13.907
NO,Norway,2021,Staphylococcus aureus,Meticillin (MRSA),0.91575091,12.8332,1.0737999999999999,13.907
NO,Norway,2022,Escherichia coli,Third-generation cephalosporins,5.83043594,14.005600000000001,1.1679,15.1735
NO,Norway,2022,Klebsiella pneumoniae,Third-generation cephalosporins,6.63198959,14.005600000000001,1.1679,15.1735
NO,Norway,2022,Staphylococcus aureus,Meticillin (MRSA),1.11358574,14.005600000000001,1.1679,15.1735
PL,Poland,2014,Escherichia coli,Third-generation cephalosporins,10.50691244,19.8569,1.2494999999999998,21.1064
PL,Poland,2014,Klebsiella pneumoniae,Third-generation cephalosporins,68.17204301,19.8569,1.2494999999999998,21.1064
PL,Poland,2014,Staphylococcus aureus,Meticillin (MRSA),22.24489795,19.8569,1.2494999999999998,21.1064
PL,Poland,2015,Escherichia coli,Third-generation cephalosporins,11.92546583,22.775100000000002,1.2542,24.029300000000003
PL,Poland,2015,Klebsiella pneumoniae,Third-generation cephalosporins,64.20118343,22.775100000000002,1.2542,24.029300000000003
PL,Poland,2015,Staphylococcus aureus,Meticillin (MRSA),15.76200417,22.775100000000002,1.2542,24.029300000000003
PL,Poland,2016,Escherichia coli,Third-generation cephalosporins,13.71827877,20.7028,1.2363,21.9391
PL,Poland,2016,Klebsiella pneumoniae,Third-generation cephalosporins,64.44833625,20.7028,1.2363,21.9391
PL,Poland,2016,Staphylococcus aureus,Meticillin (MRSA),16.36568848,20.7028,1.2363,21.9391
PL,Poland,2017,Escherichia coli,Third-generation cephalosporins,16.67829727,23.7607,1.5661,25.3268
PL,Poland,2017,Klebsiella pneumoniae,Third-generation cephalosporins,63.0091438,23.7607,1.5661,25.3268
PL,Poland,2017,Staphylococcus aureus,Meticillin (MRSA),15.1800554,23.7607,1.5661,25.3268
PL,Poland,2018,Escherichia coli,Third-generation cephalosporins,17.59541984,22.994500000000002,1.313,24.3075
PL,Poland,2018,Klebsiella pneumoniae,Third-generation cephalosporins,64.64315012,22.994500000000002,1.313,24.3075
PL,Poland,2018,Staphylococcus aureus,Meticillin (MRSA),15.87544665,22.994500000000002,1.313,24.3075
PL,Poland,2019,Escherichia coli,Third-generation cephalosporins,17.12450945,22.204800000000002,1.3712,23.576
PL,Poland,2019,Klebsiella pneumoniae,Third-generation cephalosporins,58.31903945,22.204800000000002,1.3712,23.576
PL,Poland,2019,Staphylococcus aureus,Meticillin (MRSA),14.93753394,22.204800000000002,1.3712,23.576
PL,Poland,2020,Escherichia coli,Third-generation cephalosporins,17.44935543,17.1298,1.3189,18.4487
PL,Poland,2020,Klebsiella pneumoniae,Third-generation cephalosporins,62.95955882,17.1298,1.3189,18.4487
PL,Poland,2020,Staphylococcus aureus,Meticillin (MRSA),13.84159881,17.1298,1.3189,18.4487
PL,Poland,2021,Escherichia coli,Third-generation cephalosporins,18.72627583,18.8166,1.335,20.151600000000002
PL,Poland,2021,Klebsiella pneumoniae,Third-generation cephalosporins,69.97206703,18.8166,1.335,20.151600000000002
PL,Poland,2021,Staphylococcus aureus,Meticillin (MRSA),16.4726426,18.8166,1.335,20.151600000000002
PL,Poland,2022,Escherichia coli,Third-generation cephalosporins,18.6882655,22.2544,1.2577,23.5121
PL,Poland,2022,Klebsiella pneumoniae,Third-generation cephalosporins,61.9330855,22.2544,1.2577,23.5121
PL,Poland,2022,Staphylococcus aureus,Meticillin (MRSA),13.25,22.2544,1.2577,23.5121
PT,Portugal,2013,Escherichia coli,Third-generation cephalosporins,14.93651979,16.095399999999998,1.437,17.5324
PT,Portugal,2013,Klebsiella pneumoniae,Third-generation cephalosporins,36.99231613,16.095399999999998,1.437,17.5324
PT,Portugal,2013,Staphylococcus aureus,Meticillin (MRSA),46.77824267,16.095399999999998,1.437,17.5324
PT,Portugal,2014,Escherichia coli,Third-generation cephalosporins,16.42117834,16.5955,1.3583,17.9538
PT,Portugal,2014,Klebsiella pneumoniae,Third-generation cephalosporins,40.88785046,16.5955,1.3583,17.9538
PT,Portugal,2014,Staphylococcus aureus,Meticillin (MRSA),47.44754149,16.5955,1.3583,17.9538
PT,Portugal,2015,Escherichia coli,Third-generation cephalosporins,16.09002976,17.3356,1.3787,18.714299999999998
PT,Portugal,2015,Klebsiella pneumoniae,Third-generation cephalosporins,40.40114613,17.3356,1.3787,18.714299999999998
PT,Portugal,2015,Staphylococcus aureus,Meticillin (MRSA),46.83614258,17.3356,1.3787,18.714299999999998
PT,Portugal,2016,Escherichia coli,Third-generation cephalosporins,16.0615491,17.5366,1.3926,18.9292
PT,Portugal,2016,Klebsiella pneumoniae,Third-generation cephalosporins,46.70072371,17.5366,1.3926,18.9292
PT,Portugal,2016,Staphylococcus aureus,Meticillin (MRSA),43.57266936,17.5366,1.3926,18.9292
PT,Portugal,2017,Escherichia coli,Third-generation cephalosporins,15.58764167,16.854699999999998,1.3852,18.2399
PT,Portugal,2017,Klebsiella pneumoniae,Third-generation cephalosporins,44.91432737,16.854699999999998,1.3852,18.2399
PT,Portugal,2017,Staphylococcus aureus,Meticillin (MRSA),39.16309012,16.854699999999998,1.3852,18.2399
PT,Portugal,2018,Escherichia coli,Third-generation cephalosporins,14.70838292,17.6677,1.3382999999999998,19.006
PT,Portugal,2018,Klebsiella pneumoniae,Third-generation cephalosporins,49.98061264,17.6677,1.3382999999999998,19.006
PT,Portugal,2018,Staphylococcus aureus,Meticillin (MRSA),38.0839895,17.6677,1.3382999999999998,19.006
PT,Portugal,2019,Escherichia coli,Third-generation cephalosporins,16.10328638,17.8998,1.3398,19.2396
PT,Portugal,2019,Klebsiella pneumoniae,Third-generation cephalosporins,47.64553207,17.8998,1.3398,19.2396
PT,Portugal,2019,Staphylococcus aureus,Meticillin (MRSA),34.76263399,17.8998,1.3398,19.2396
PT,Portugal,2020,Escherichia coli,Third-generation cephalosporins,14.44847229,13.7121,1.3925,15.1046
PT,Portugal,2020,Klebsiella pneumoniae,Third-generation cephalosporins,47.57422157,13.7121,1.3925,15.1046
PT,Portugal,2020,Staphylococcus aureus,Meticillin (MRSA),29.67565929,13.7121,1.3925,15.1046
PT,Portugal,2021,Escherichia coli,Third-generation cephalosporins,13.08993766,13.7416,1.4766,15.2182
PT,Portugal,2021,Klebsiella pneumoniae,Third-generation cephalosporins,45.02130956,13.7416,1.4766,15.2182
PT,Portugal,2021,Staphylococcus aureus,Meticillin (MRSA),25.13052558,13.7416,1.4766,15.2182
PT,Portugal,2022,Escherichia coli,Third-generation cephalosporins,14.09699601,17.0718,1.6683999999999999,18.740199999999998
PT,Portugal,2022,Klebsiella pneumoniae,Third-generation cephalosporins,45.20411549,17.0718,1.6683999999999999,18.740199999999998
PT,Portugal,2022,Staphylococcus aureus,Meticillin (MRSA),24.97178329,17.0718,1.6683999999999999,18.740199999999998
RO,Romania,2019,Escherichia coli,Third-generation cephalosporins,20.3313253,23.985699999999998,1.5876000000000001,25.573299999999996
RO,Romania,2019,Klebsiella pneumoniae,Third-generation cephalosporins,64.09185803,23.985699999999998,1.5876000000000001,25.573299999999996
RO,Romania,2019,Staphylococcus aureus,Meticillin (MRSA),46.88,23.985699999999998,1.5876000000000001,25.573299999999996
RO,Romania,2020,Escherichia coli,Third-generation cephalosporins,19.69026548,23.6549,1.3582,25.0131
RO,Romania,2020,Klebsiella pneumoniae,Third-generation cephalosporins,67.9245283,23.6549,1.3582,25.0131
RO,Romania,2020,Staphylococcus aureus,Meticillin (MRSA),47.29064039,23.6549,1.3582,25.0131
RO,Romania,2021,Escherichia coli,Third-generation cephalosporins,18.78787878,24.190700000000003,1.3184,25.509100000000004
RO,Romania,2021,Klebsiella pneumoniae,Third-generation cephalosporins,70.78651685,24.190700000000003,1.3184,25.509100000000004
RO,Romania,2021,Staphylococcus aureus,Meticillin (MRSA),40.9978308,24.190700000000003,1.3184,25.509100000000004
RO,Romania,2022,Escherichia coli,Third-generation cephalosporins,17.82608695,26.094600000000003,1.3178,27.412400000000005
RO,Romania,2022,Klebsiella pneumoniae,Third-generation cephalosporins,63.5179153,26.094600000000003,1.3178,27.412400000000005
RO,Romania,2022,Staphylococcus aureus,Meticillin (MRSA),38.92617449,26.094600000000003,1.3178,27.412400000000005
SK,Slovakia,2013,Escherichia coli,Third-generation cephalosporins,29.73977695,21.119,1.9568999999999999,23.0759
SK,Slovakia,2013,Klebsiella pneumoniae,Third-generation cephalosporins,66.39344262,21.119,1.9568999999999999,23.0759
SK,Slovakia,2013,Staphylococcus aureus,Meticillin (MRSA),48.36956521,21.119,1.9568999999999999,23.0759
SK,Slovakia,2014,Escherichia coli,Third-generation cephalosporins,31.8335208,18.8697,2.2215,21.0912
SK,Slovakia,2014,Klebsiella pneumoniae,Third-generation cephalosporins,69.37119675,18.8697,2.2215,21.0912
SK,Slovakia,2014,Staphylococcus aureus,Meticillin (MRSA),27.96875,18.8697,2.2215,21.0912
SK,Slovakia,2015,Escherichia coli,Third-generation cephalosporins,30.0111982,21.9756,2.1345,24.1101
SK,Slovakia,2015,Klebsiella pneumoniae,Third-generation cephalosporins,67.1641791,21.9756,2.1345,24.1101
SK,Slovakia,2015,Staphylococcus aureus,Meticillin (MRSA),28.1303602,21.9756,2.1345,24.1101
SK,Slovakia,2016,Escherichia coli,Third-generation cephalosporins,29.7330097,21.2888,2.2462,23.534999999999997
SK,Slovakia,2016,Klebsiella pneumoniae,Third-generation cephalosporins,61.29032258,21.2888,2.2462,23.534999999999997
SK,Slovakia,2016,Staphylococcus aureus,Meticillin (MRSA),27.14535901,21.2888,2.2462,23.534999999999997
SK,Slovakia,2017,Escherichia coli,Third-generation cephalosporins,30.91954022,18.5086,1.3791,19.887700000000002
SK,Slovakia,2017,Klebsiella pneumoniae,Third-generation cephalosporins,63.18082788,18.5086,1.3791,19.887700000000002
SK,Slovakia,2017,Staphylococcus aureus,Meticillin (MRSA),29.20065252,18.5086,1.3791,19.887700000000002
SK,Slovakia,2018,Escherichia coli,Third-generation cephalosporins,30.11305241,20.1718,1.7034,21.8752
SK,Slovakia,2018,Klebsiella pneumoniae,Third-generation cephalosporins,55.93561368,20.1718,1.7034,21.8752
SK,Slovakia,2018,Staphylococcus aureus,Meticillin (MRSA),26.55737704,20.1718,1.7034,21.8752
SK,Slovakia,2019,Escherichia coli,Third-generation cephalosporins,23.04964539,17.953599999999998,1.3102000000000003,19.2638
SK,Slovakia,2019,Klebsiella pneumoniae,Third-generation cephalosporins,57.49318801,17.953599999999998,1.3102000000000003,19.2638
SK,Slovakia,2019,Staphylococcus aureus,Meticillin (MRSA),27.17584369,17.953599999999998,1.3102000000000003,19.2638
SK,Slovakia,2020,Escherichia coli,Third-generation cephalosporins,27.09766162,13.1402,1.2086999999999999,14.3489
SK,Slovakia,2020,Klebsiella pneumoniae,Third-generation cephalosporins,54.38596491,13.1402,1.2086999999999999,14.3489
SK,Slovakia,2020,Staphylococcus aureus,Meticillin (MRSA),24.81481481,13.1402,1.2086999999999999,14.3489
SK,Slovakia,2021,Escherichia coli,Third-generation cephalosporins,23.11248073,14.518,1.3746,15.892600000000002
SK,Slovakia,2021,Klebsiella pneumoniae,Third-generation cephalosporins,68.44036697,14.518,1.3746,15.892600000000002
SK,Slovakia,2021,Staphylococcus aureus,Meticillin (MRSA),22.33676975,14.518,1.3746,15.892600000000002
SK,Slovakia,2022,Escherichia coli,Third-generation cephalosporins,23.69791666,19.6491,1.0781,20.7272
SK,Slovakia,2022,Klebsiella pneumoniae,Third-generation cephalosporins,56.14035087,19.6491,1.0781,20.7272
SK,Slovakia,2022,Staphylococcus aureus,Meticillin (MRSA),17.99307958,19.6491,1.0781,20.7272
SI,Slovenia,2013,Escherichia coli,Third-generation cephalosporins,8.74183006,11.8954,1.3368999999999998,13.2323
SI,Slovenia,2013,Klebsiella pneumoniae,Third-generation cephalosporins,28.97959183,11.8954,1.3368999999999998,13.2323
SI,Slovenia,2013,Staphylococcus aureus,Meticillin (MRSA),9.03225806,11.8954,1.3368999999999998,13.2323
SI,Slovenia,2014,Escherichia coli,Third-generation cephalosporins,12.74671052,11.6146,1.3774000000000002,12.991999999999999
SI,Slovenia,2014,Klebsiella pneumoniae,Third-generation cephalosporins,26.60944206,11.6146,1.3774000000000002,12.991999999999999
SI,Slovenia,2014,Staphylococcus aureus,Meticillin (MRSA),13.13131313,11.6146,1.3774000000000002,12.991999999999999
SI,Slovenia,2015,Escherichia coli,Third-generation cephalosporins,13.65007541,11.8475,1.4370000000000003,13.284500000000001
SI,Slovenia,2015,Klebsiella pneumoniae,Third-generation cephalosporins,22.78481012,11.8475,1.4370000000000003,13.284500000000001
SI,Slovenia,2015,Staphylococcus aureus,Meticillin (MRSA),9.16179337,11.8475,1.4370000000000003,13.284500000000001
SI,Slovenia,2016,Escherichia coli,Third-generation cephalosporins,12.53521126,11.458200000000001,1.4447,12.902900000000002
SI,Slovenia,2016,Klebsiella pneumoniae,Third-generation cephalosporins,22.84644194,11.458200000000001,1.4447,12.902900000000002
SI,Slovenia,2016,Staphylococcus aureus,Meticillin (MRSA),11.04868913,11.458200000000001,1.4447,12.902900000000002
SI,Slovenia,2017,Escherichia coli,Third-generation cephalosporins,12.47386759,11.5789,1.4618,13.040700000000001
SI,Slovenia,2017,Klebsiella pneumoniae,Third-generation cephalosporins,23.71794871,11.5789,1.4618,13.040700000000001
SI,Slovenia,2017,Staphylococcus aureus,Meticillin (MRSA),9.02777777,11.5789,1.4618,13.040700000000001
SI,Slovenia,2018,Escherichia coli,Third-generation cephalosporins,11.33093525,11.656,1.4456000000000002,13.101600000000001
SI,Slovenia,2018,Klebsiella pneumoniae,Third-generation cephalosporins,14.87889273,11.656,1.4456000000000002,13.101600000000001
SI,Slovenia,2018,Staphylococcus aureus,Meticillin (MRSA),11.71617161,11.656,1.4456000000000002,13.101600000000001
SI,Slovenia,2019,Escherichia coli,Third-generation cephalosporins,9.81366459,11.4868,1.45,12.9368
SI,Slovenia,2019,Klebsiella pneumoniae,Third-generation cephalosporins,16.50165016,11.4868,1.45,12.9368
SI,Slovenia,2019,Staphylococcus aureus,Meticillin (MRSA),7.46951219,11.4868,1.45,12.9368
SI,Slovenia,2020,Escherichia coli,Third-generation cephalosporins,10.57513914,8.839699999999999,1.269,10.108699999999999
SI,Slovenia,2020,Klebsiella pneumoniae,Third-generation cephalosporins,15.80756013,8.839699999999999,1.269,10.108699999999999
SI,Slovenia,2020,Staphylococcus aureus,Meticillin (MRSA),9.84528832,8.839699999999999,1.269,10.108699999999999
SI,Slovenia,2021,Escherichia coli,Third-generation cephalosporins,9.28019036,8.7431,1.3689999999999998,10.1121
SI,Slovenia,2021,Klebsiella pneumoniae,Third-generation cephalosporins,21.65242165,8.7431,1.3689999999999998,10.1121
SI,Slovenia,2021,Staphylococcus aureus,Meticillin (MRSA),7.8125,8.7431,1.3689999999999998,10.1121
SI,Slovenia,2022,Escherichia coli,Third-generation cephalosporins,9.33734939,10.9537,1.4303999999999997,12.3841
SI,Slovenia,2022,Klebsiella pneumoniae,Third-generation cephalosporins,20.69892473,10.9537,1.4303999999999997,12.3841
SI,Slovenia,2022,Staphylococcus aureus,Meticillin (MRSA),8.69565217,10.9537,1.4303999999999997,12.3841
ES,Spain,2016,Escherichia coli,Third-generation cephalosporins,14.97058823,25.365299999999998,1.7481,27.1134
ES,Spain,2016,Klebsiella pneumoniae,Third-generation cephalosporins,22.36135957,25.365299999999998,1.7481,27.1134
ES,Spain,2016,Staphylococcus aureus,Meticillin (MRSA),25.80976863,25.365299999999998,1.7481,27.1134
ES,Spain,2017,Escherichia coli,Third-generation cephalosporins,12.80902604,24.773500000000002,1.6731999999999998,26.446700000000003
ES,Spain,2017,Klebsiella pneumoniae,Third-generation cephalosporins,21.28222075,24.773500000000002,1.6731999999999998,26.446700000000003
ES,Spain,2017,Staphylococcus aureus,Meticillin (MRSA),25.21551724,24.773500000000002,1.6731999999999998,26.446700000000003
ES,Spain,2018,Escherichia coli,Third-generation cephalosporins,13.75741512,24.2573,1.6526999999999998,25.91
ES,Spain,2018,Klebsiella pneumoniae,Third-generation cephalosporins,25.47642928,24.2573,1.6526999999999998,25.91
ES,Spain,2018,Staphylococcus aureus,Meticillin (MRSA),24.67266775,24.2573,1.6526999999999998,25.91
ES,Spain,2019,Escherichia coli,Third-generation cephalosporins,14.11623726,23.0769,1.5588,24.6357
ES,Spain,2019,Klebsiella pneumoniae,Third-generation cephalosporins,25.25041736,23.0769,1.5588,24.6357
ES,Spain,2019,Staphylococcus aureus,Meticillin (MRSA),23.31243083,23.0769,1.5588,24.6357
ES,Spain,2020,Escherichia coli,Third-generation cephalosporins,14.07541322,18.020599999999998,1.4881,19.508699999999997
ES,Spain,2020,Klebsiella pneumoniae,Third-generation cephalosporins,26.6361556,18.020599999999998,1.4881,19.508699999999997
ES,Spain,2020,Staphylococcus aureus,Meticillin (MRSA),23.08690012,18.020599999999998,1.4881,19.508699999999997
ES,Spain,2021,Escherichia coli,Third-generation cephalosporins,13.15824915,18.3187,1.416,19.7347
ES,Spain,2021,Klebsiella pneumoniae,Third-generation cephalosporins,27.55054066,18.3187,1.416,19.7347
ES,Spain,2021,Staphylococcus aureus,Meticillin (MRSA),27.37341772,18.3187,1.416,19.7347
ES,Spain,2022,Escherichia coli,Third-generation cephalosporins,14.87741262,21.559500000000003,1.4572,23.016700000000004
ES,Spain,2022,Klebsiella pneumoniae,Third-generation cephalosporins,26.6848196,21.559500000000003,1.4572,23.016700000000004
ES,Spain,2022,Staphylococcus aureus,Meticillin (MRSA),25.70632709,21.559500000000003,1.4572,23.016700000000004
SE,Sweden,2013,Escherichia coli,Third-generation cephalosporins,5.20446096,12.6438,1.5743999999999998,14.2182
SE,Sweden,2013,Klebsiella pneumoniae,Third-generation cephalosporins,3.61538461,12.6438,1.5743999999999998,14.2182
SE,Sweden,2013,Staphylococcus aureus,Meticillin (MRSA),1.07343254,12.6438,1.5743999999999998,14.2182
SE,Sweden,2014,Escherichia coli,Third-generation cephalosporins,5.56064772,12.4754,1.4705,13.9459
SE,Sweden,2014,Klebsiella pneumoniae,Third-generation cephalosporins,4.5,12.4754,1.4705,13.9459
SE,Sweden,2014,Staphylococcus aureus,Meticillin (MRSA),0.94717668,12.4754,1.4705,13.9459
SE,Sweden,2015,Escherichia coli,Third-generation cephalosporins,6.23853211,11.9181,1.5803,13.4984
SE,Sweden,2015,Klebsiella pneumoniae,Third-generation cephalosporins,3.29670329,11.9181,1.5803,13.4984
SE,Sweden,2015,Staphylococcus aureus,Meticillin (MRSA),0.80025608,11.9181,1.5803,13.4984
SE,Sweden,2016,Escherichia coli,Third-generation cephalosporins,8.26386892,11.665700000000001,1.5379,13.203600000000002
SE,Sweden,2016,Klebsiella pneumoniae,Third-generation cephalosporins,4.87963565,11.665700000000001,1.5379,13.203600000000002
SE,Sweden,2016,Staphylococcus aureus,Meticillin (MRSA),2.26086956,11.665700000000001,1.5379,13.203600000000002
SE,Sweden,2017,Escherichia coli,Third-generation cephalosporins,7.35751295,11.250599999999999,1.4951999999999999,12.7458
SE,Sweden,2017,Klebsiella pneumoniae,Third-generation cephalosporins,5.60928433,11.250599999999999,1.4951999999999999,12.7458
SE,Sweden,2017,Staphylococcus aureus,Meticillin (MRSA),1.16186955,11.250599999999999,1.4951999999999999,12.7458
SE,Sweden,2018,Escherichia coli,Third-generation cephalosporins,8.33024118,10.774199999999999,1.6339,12.4081
SE,Sweden,2018,Klebsiella pneumoniae,Third-generation cephalosporins,5.50964187,10.774199999999999,1.6339,12.4081
SE,Sweden,2018,Staphylococcus aureus,Meticillin (MRSA),1.92360538,10.774199999999999,1.6339,12.4081
SE,Sweden,2019,Escherichia coli,Third-generation cephalosporins,7.82460983,10.319300000000002,1.4573,11.776600000000002
SE,Sweden,2019,Klebsiella pneumoniae,Third-generation cephalosporins,8.30083565,10.319300000000002,1.4573,11.776600000000002
SE,Sweden,2019,Staphylococcus aureus,Meticillin (MRSA),1.798924,10.319300000000002,1.4573,11.776600000000002
SE,Sweden,2020,Escherichia coli,Third-generation cephalosporins,7.86642306,8.9084,1.4044,10.312800000000001
SE,Sweden,2020,Klebsiella pneumoniae,Third-generation cephalosporins,8.08903365,8.9084,1.4044,10.312800000000001
SE,Sweden,2020,Staphylococcus aureus,Meticillin (MRSA),2.32862756,8.9084,1.4044,10.312800000000001
SE,Sweden,2021,Escherichia coli,Third-generation cephalosporins,7.11934543,8.649999999999999,1.3919000000000001,10.041899999999998
SE,Sweden,2021,Klebsiella pneumoniae,Third-generation cephalosporins,6.95,8.649999999999999,1.3919000000000001,10.041899999999998
SE,Sweden,2021,Staphylococcus aureus,Meticillin (MRSA),1.96560196,8.649999999999999,1.3919000000000001,10.041899999999998
SE,Sweden,2022,Escherichia coli,Third-generation cephalosporins,7.50733693,7.769,1.3500999999999999,9.1191
SE,Sweden,2022,Klebsiella pneumoniae,Third-generation cephalosporins,7.82045349,7.769,1.3500999999999999,9.1191
SE,Sweden,2022,Staphylococcus aureus,Meticillin (MRSA),1.85231854,7.769,1.3500999999999999,9.1191
UK,United Kingdom,2013,Escherichia coli,Third-generation cephalosporins,14.71302763,18.2765,2.0890999999999997,20.365599999999997
UK,United Kingdom,2013,Klebsiella pneumoniae,Third-generation cephalosporins,13.64902506,18.2765,2.0890999999999997,20.365599999999997
UK,United Kingdom,2013,Staphylococcus aureus,Meticillin (MRSA),13.88757675,18.2765,2.0890999999999997,20.365599999999997
UK,United Kingdom,2014,Escherichia coli,Third-generation cephalosporins,10.31988426,18.506800000000002,2.2083,20.715100000000003
UK,United Kingdom,2014,Klebsiella pneumoniae,Third-generation cephalosporins,9.30470347,18.506800000000002,2.2083,20.715100000000003
UK,United Kingdom,2014,Staphylococcus aureus,Meticillin (MRSA),11.29166666,18.506800000000002,2.2083,20.715100000000003
UK,United Kingdom,2015,Escherichia coli,Third-generation cephalosporins,11.25943122,17.8688,2.1605,20.0293
UK,United Kingdom,2015,Klebsiella pneumoniae,Third-generation cephalosporins,10.48034934,17.8688,2.1605,20.0293
UK,United Kingdom,2015,Staphylococcus aureus,Meticillin (MRSA),10.73630758,17.8688,2.1605,20.0293
UK,United Kingdom,2016,Escherichia coli,Third-generation cephalosporins,9.23738899,17.423199999999998,2.1851000000000003,19.6083
UK,United Kingdom,2016,Klebsiella pneumoniae,Third-generation cephalosporins,8.86561062,17.423199999999998,2.1851000000000003,19.6083
UK,United Kingdom,2016,Staphylococcus aureus,Meticillin (MRSA),6.72919458,17.423199999999998,2.1851000000000003,19.6083
UK,United Kingdom,2017,Escherichia coli,Third-generation cephalosporins,10.25604297,17.0124,2.2110000000000003,19.223399999999998
UK,United Kingdom,2017,Klebsiella pneumoniae,Third-generation cephalosporins,11.36135129,17.0124,2.2110000000000003,19.223399999999998
UK,United Kingdom,2017,Staphylococcus aureus,Meticillin (MRSA),6.92333671,17.0124,2.2110000000000003,19.223399999999998
UK,United Kingdom,2018,Escherichia coli,Third-generation cephalosporins,10.96697701,16.2636,2.3776,18.6412
UK,United Kingdom,2018,Klebsiella pneumoniae,Third-generation cephalosporins,12.98977031,16.2636,2.3776,18.6412
UK,United Kingdom,2018,Staphylococcus aureus,Meticillin (MRSA),7.25262576,16.2636,2.3776,18.6412
UK,United Kingdom,2019,Escherichia coli,Third-generation cephalosporins,11.51430827,15.6078,2.4234999999999998,18.031299999999998
UK,United Kingdom,2019,Klebsiella pneumoniae,Third-generation cephalosporins,13.21142387,15.6078,2.4234999999999998,18.031299999999998
UK,United Kingdom,2019,Staphylococcus aureus,Meticillin (MRSA),5.8810621,15.6078,2.4234999999999998,18.031299999999998
